name,category,priority,phone,email,address,status,value,source,gmaps,notes,addedDate
"Garcia's","Restaurant / Food","medium","(512) 353-0099","","403 S L B J Dr, San Marcos, TX 78666, USA","new","","Google Places API","https://maps.google.com/?cid=16002393834510198091","Rating: 4.3 (1555 reviews)","2026-05-20T01:13:18.393Z"
"Texas State Dining","Restaurant / Food","medium","(512) 245-9930","","700 Moore St, San Marcos, TX 78666, USA","new","","Google Places API","https://maps.google.com/?cid=1858085829933895324","Rating: 3.2 (17 reviews)","2026-05-20T01:13:30.011Z"
"Mana's Restaurant","Restaurant / Food","medium","(512) 392-4068","","807 Alabama St, San Marcos, TX 78666, USA","new","","Google Places API","https://maps.google.com/?cid=17678479162928903000","Rating: 4.5 (509 reviews)","2026-05-20T01:13:30.578Z"
"Showdown","Restaurant / Food","medium","(512) 392-7282","","207 E Hutchison St, San Marcos, TX 78666, USA","new","","Google Places API","https://maps.google.com/?cid=12055411424681278830","Rating: 4.6 (471 reviews)","2026-05-20T01:13:32.732Z"
"Babe's Doughnut and Coffee","Restaurant / Food","medium","(512) 216-6217","","214 N LBJ Dr, San Marcos, TX 78666, USA","new","","Google Places API","https://maps.google.com/?cid=14324276044297345452","Rating: 4.7 (188 reviews)","2026-05-20T01:13:48.510Z"
"The Sweet Spot","Restaurant / Food","medium","(512) 214-8084","","232 N LBJ Dr, San Marcos, TX 78666, USA","new","","Google Places API","https://maps.google.com/?cid=6368292969887561834","Rating: 4.2 (118 reviews)","2026-05-20T01:13:49.053Z"
"The Native Blends","Restaurant / Food","medium","(512) 210-2979","","309 N Edward Gary St, San Marcos, TX 78666, USA","new","","Google Places API","https://maps.google.com/?cid=10256769293685078599","Rating: 4.8 (190 reviews)","2026-05-20T01:13:49.313Z"
"Cafe Cortado","Restaurant / Food","medium","(512) 289-3674","","221 North St, San Marcos, TX 78666, USA","new","","Google Places API","https://maps.google.com/?cid=6286641916007702063","Rating: 4.8 (99 reviews)","2026-05-20T01:13:49.863Z"
"Campus Coffee & Tea Co","Restaurant / Food","medium","","","601 University Dr, San Marcos, TX 78666, USA","new","","Google Places API","https://maps.google.com/?cid=6320399381342344454","Rating: 4 (1 reviews)","2026-05-20T01:13:50.402Z"
"Coco Loco Brew","Restaurant / Food","medium","(512) 357-7385","","801 Chestnut St, San Marcos, TX 78666, USA","new","","Google Places API","https://maps.google.com/?cid=15672593187785084002","","2026-05-20T01:13:51.465Z"
"On The Grind","Restaurant / Food","medium","","","1508 Aquarena Springs Dr, San Marcos, TX 78666, USA","new","","Google Places API","https://maps.google.com/?cid=4821964023373256679","Rating: 4.7 (329 reviews)","2026-05-20T01:13:55.995Z"
"Starbucks Coffee Company","Restaurant / Food","medium","(737) 225-3017","","1430 I-35, San Marcos, TX 78666, USA","new","","Google Places API","https://maps.google.com/?cid=14869512556496255149","Rating: 3.6 (84 reviews)","2026-05-20T01:13:57.064Z"
"Speed In Food Mart","Restaurant / Food","medium","(512) 504-3366","","102 Creekside Trail, Kyle, TX 78640, USA","new","","Google Places API","https://maps.google.com/?cid=3877522839052192096","Rating: 4.1 (127 reviews)","2026-05-20T01:14:00.647Z"
"Doria's Cakes","Restaurant / Food","medium","(512) 557-4398","","18229 San Marcos Hwy, Martindale, TX 78655, USA","new","","Google Places API","https://maps.google.com/?cid=17754226706054030574","Rating: 4.2 (22 reviews)","2026-05-20T01:14:01.567Z"
"City Bakery","Restaurant / Food","medium","(512) 353-2489","","410 S L B J Dr, San Marcos, TX 78666, USA","new","","Google Places API","https://maps.google.com/?cid=5292000679974368114","Rating: 4.1 (79 reviews)","2026-05-20T01:14:03.465Z"
"H-E-B Bakery","Restaurant / Food","medium","","","200 W Hopkins St, San Marcos, TX 78666, USA","new","","Google Places API","https://maps.google.com/?cid=13880940201299459490","Rating: 5 (1 reviews)","2026-05-20T01:14:06.583Z"
"Cheers Donuts","Restaurant / Food","medium","(512) 667-6750","","1300 TX-123 #101, San Marcos, TX 78666, USA","new","","Google Places API","https://maps.google.com/?cid=15070590068576993245","Rating: 4.7 (175 reviews)","2026-05-20T01:14:07.384Z"
"Boston Bakery Co.","Restaurant / Food","medium","","","201 Telluride St, San Marcos, TX 78666, USA","new","","Google Places API","https://maps.google.com/?cid=15343702028279207272","","2026-05-20T01:14:09.047Z"
"Kyle Donuts","Restaurant / Food","medium","(512) 268-7800","","575 Ranch to Market Rd 150, Kyle, TX 78640, USA","new","","Google Places API","https://maps.google.com/?cid=13691160792174818075","Rating: 4.7 (389 reviews)","2026-05-20T01:14:14.201Z"
"Pakistani Box Lunches","Restaurant / Food","medium","","","178 Coleto Crk Lp, Kyle, TX 78640, USA","new","","Google Places API","https://maps.google.com/?cid=10927671581261789956","","2026-05-20T01:14:14.460Z"
"Holly's Sweets & Treats","Restaurant / Food","medium","(737) 248-5651","","394 McGarity, Kyle, TX 78640, USA","new","","Google Places API","https://maps.google.com/?cid=2865545957974737422","Rating: 5 (1 reviews)","2026-05-20T01:14:15.541Z"
"Los Vega Mexican Restaurant","Restaurant / Food","medium","(512) 268-8570","","721 N Old Hwy 81, Kyle, TX 78640, USA","new","","Google Places API","https://maps.google.com/?cid=10428367050328475033","Rating: 4.6 (9 reviews)","2026-05-20T01:14:22.061Z"
"The Lair","Restaurant / Food","medium","(512) 245-9930","","109 Student Center Dr, San Marcos, TX 78666, USA","new","","Google Places API","https://maps.google.com/?cid=12081107710336167470","Rating: 4.1 (11 reviews)","2026-05-20T01:14:22.861Z"
"Pat's Carnival Eats and Treats","Restaurant / Food","medium","","","1001 TX-80, San Marcos, TX 78666, USA","new","","Google Places API","https://maps.google.com/?cid=9781480990294643415","Rating: 5 (1 reviews)","2026-05-20T01:14:28.446Z"
"Oompa Lumpia","Restaurant / Food","medium","(512) 808-0115","","1192 Twin Cove, Kyle, TX 78640, USA","new","","Google Places API","https://maps.google.com/?cid=7314543093681210015","Rating: 5 (6 reviews)","2026-05-20T01:14:31.922Z"
"Angel Ventana","Hair Salon / Barbershop","medium","(512) 393-1707","","700 N LBJ Dr, San Marcos, TX 78666, USA","new","","Google Places API","https://maps.google.com/?cid=14636211673734036582","Rating: 4.9 (100 reviews)","2026-05-20T01:14:35.562Z"
"Full Effect Lice Removal: San Marcos, Tx","Hair Salon / Barbershop","medium","","","1904 Old Ranch Rd 12 #103, San Marcos, TX 78666, USA","new","","Google Places API","https://maps.google.com/?cid=14196567448421087145","Rating: 5 (4 reviews)","2026-05-20T01:14:36.111Z"
"Wavelength Extension Studio","Hair Salon / Barbershop","medium","(512) 636-8969","","139 Steeple Brush Cove, Kyle, TX 78640, USA","new","","Google Places API","https://maps.google.com/?cid=11479362927452485132","Rating: 5 (1 reviews)","2026-05-20T01:14:37.453Z"
"Solutions","Hair Salon / Barbershop","medium","(512) 754-0300","","317 N Fredericksburg St, San Marcos, TX 78666, USA","new","","Google Places API","https://maps.google.com/?cid=1057278634638342412","Rating: 4.4 (53 reviews)","2026-05-20T01:14:41.407Z"
"Sophia Hair Salon","Hair Salon / Barbershop","medium","(737) 268-1487","","2101 River Rd, San Marcos, TX 78666, USA","new","","Google Places API","https://maps.google.com/?cid=16956204009275069866","Rating: 4.2 (124 reviews)","2026-05-20T01:14:42.196Z"
"Silva's","Hair Salon / Barbershop","medium","(512) 392-3050","","1138 Invasion St c, San Marcos, TX 78666, USA","new","","Google Places API","https://maps.google.com/?cid=10007677062337454149","Rating: 4.6 (103 reviews)","2026-05-20T01:14:42.676Z"
"Sophia","Hair Salon / Barbershop","medium","(512) 392-5355","","1104 Thorpe Ln, San Marcos, TX 78666, USA","new","","Google Places API","https://maps.google.com/?cid=9408170334114378149","Rating: 4.4 (55 reviews)","2026-05-20T01:14:42.948Z"
"Eros Studio","Hair Salon / Barbershop","medium","(512) 573-7668","","829 N LBJ Dr, San Marcos, TX 78666, USA","new","","Google Places API","https://maps.google.com/?cid=15748298058021248394","Rating: 5 (64 reviews)","2026-05-20T01:14:43.213Z"
"Adam's Barber Shop","Hair Salon / Barbershop","medium","(512) 667-9790","","417 Riverside Dr, San Marcos, TX 78666, USA","new","","Google Places API","https://maps.google.com/?cid=1464106399170667942","Rating: 4.7 (37 reviews)","2026-05-20T01:14:43.479Z"
"TomCatDoesHair","Hair Salon / Barbershop","medium","(512) 393-4256","","225 N LBJ Dr, San Marcos, TX 78666, USA","new","","Google Places API","https://maps.google.com/?cid=9592265181775813781","Rating: 5 (2 reviews)","2026-05-20T01:14:44.315Z"
"Milo's Barbershop","Hair Salon / Barbershop","medium","(512) 545-1639","","130 S L B J Dr, San Marcos, TX 78666, USA","new","","Google Places API","https://maps.google.com/?cid=6463744670137319030","Rating: 5 (8 reviews)","2026-05-20T01:14:51.219Z"
"Danny & Barbara's","Hair Salon / Barbershop","medium","(512) 392-5022","","302 W Hopkins St, San Marcos, TX 78666, USA","new","","Google Places API","https://maps.google.com/?cid=16941168883830759361","Rating: 4.7 (95 reviews)","2026-05-20T01:14:52.194Z"
"AllStars Barbershop","Hair Salon / Barbershop","medium","(512) 739-9427","","135 S L B J Dr, San Marcos, TX 78666, USA","new","","Google Places API","https://maps.google.com/?cid=3111901187454351318","Rating: 4.2 (59 reviews)","2026-05-20T01:14:52.460Z"
"My Salon & Spa","Hair Salon / Barbershop","medium","(512) 754-7791","","141 S L B J Dr, San Marcos, TX 78666, USA","new","","Google Places API","https://maps.google.com/?cid=80863852919406294","Rating: 5 (18 reviews)","2026-05-20T01:14:52.964Z"
"Welcome back","Hair Salon / Barbershop","medium","(512) 618-5594","","311 W Hopkins St, San Marcos, TX 78666, USA","new","","Google Places API","https://maps.google.com/?cid=1721640661884499219","","2026-05-20T01:14:54.049Z"
"Sandie Daniels","Hair Salon / Barbershop","medium","","","223 N C M Allen Pkwy, San Marcos, TX 78666, USA","new","","Google Places API","https://maps.google.com/?cid=15627946815901452909","Rating: 5 (2 reviews)","2026-05-20T01:14:54.836Z"
"Nails By Rendy","Hair Salon / Barbershop","medium","(512) 392-8848","","2401 Hunter Rd #400, San Marcos, TX 78666, USA","new","","Google Places API","https://maps.google.com/?cid=14795514585370382519","Rating: 5 (1 reviews)","2026-05-20T01:14:56.152Z"
"Hair Fitness Salon","Hair Salon / Barbershop","medium","(512) 353-8120","","2108 Hunter Rd # 110, San Marcos, TX 78666, USA","new","","Google Places API","https://maps.google.com/?cid=12047575632769368505","Rating: 4.7 (29 reviews)","2026-05-20T01:14:56.403Z"
"ISIS WELLNESS NAIL SPA","Hair Salon / Barbershop","medium","","","1015 TX-80 Unit E, San Marcos, TX 78666, USA","new","","Google Places API","https://maps.google.com/?cid=7886616322273157410","","2026-05-20T01:14:56.639Z"
"Hair Therapy Salon","Hair Salon / Barbershop","medium","(512) 665-1360","","206 E Moore St, Kyle, TX 78640, USA","new","","Google Places API","https://maps.google.com/?cid=5487947433030185128","Rating: 4.6 (18 reviews)","2026-05-20T01:14:56.898Z"
"Chartreuse Hair Studio","Hair Salon / Barbershop","medium","","","829 N LBJ Dr, San Marcos, TX 78666, USA","new","","Google Places API","https://maps.google.com/?cid=9474112281696304844","Rating: 5 (4 reviews)","2026-05-20T01:14:57.710Z"
"Rita's Parlour","Hair Salon / Barbershop","medium","(512) 994-3401","","1504 Aquarena Springs Dr Ste 202A, San Marcos, TX 78666, USA","new","","Google Places API","https://maps.google.com/?cid=14411739324874460671","Rating: 4.7 (355 reviews)","2026-05-20T01:14:57.978Z"
"Spa Botanica","Hair Salon / Barbershop","medium","(512) 805-5300","","1001 E McCarty Ln, San Marcos, TX 78666, USA","new","","Google Places API","https://maps.google.com/?cid=15173833280353412115","Rating: 4.3 (8 reviews)","2026-05-20T01:15:00.477Z"
"Val's Brows","Hair Salon / Barbershop","medium","(405) 503-0112","","119b E Hopkins St, San Marcos, TX 78666, USA","new","","Google Places API","https://maps.google.com/?cid=13034168165186915921","Rating: 5 (2 reviews)","2026-05-20T01:15:01.307Z"
"Salon Central Nails","Hair Salon / Barbershop","medium","(313) 603-2266","","315 N LBJ Dr, San Marcos, TX 78666, USA","new","","Google Places API","https://maps.google.com/?cid=9407823692652012132","Rating: 4.5 (452 reviews)","2026-05-20T01:15:01.843Z"
"Hair Solutions","Hair Salon / Barbershop","medium","","","317 N Fredericksburg St, San Marcos, TX 78666, USA","new","","Google Places API","https://maps.google.com/?cid=13057315422463780592","","2026-05-20T01:15:02.222Z"
"Calcutta's Hair Design","Hair Salon / Barbershop","medium","(512) 665-1289","","322 W Hopkins St suite 5, San Marcos, TX 78666, USA","new","","Google Places API","https://maps.google.com/?cid=16161459284258317740","Rating: 5 (2 reviews)","2026-05-20T01:15:05.333Z"
"BOBCAT NAIL & SPA","Hair Salon / Barbershop","medium","(512) 781-2870","","125 Moore St #105, San Marcos, TX 78666, USA","new","","Google Places API","https://maps.google.com/?cid=6636031081610016596","Rating: 4.2 (179 reviews)","2026-05-20T01:15:05.604Z"
"Hairaholics CM Allen","Hair Salon / Barbershop","medium","(512) 210-8999","","300 S CM Allen Pkwy SUITE 214, San Marcos, TX 78666, USA","new","","Google Places API","https://maps.google.com/?cid=6787956186623877821","","2026-05-20T01:15:05.920Z"
"San Marcos","Hair Salon / Barbershop","medium","","","200 Springtown Way, San Marcos, TX 78666, USA","new","","Google Places API","https://maps.google.com/?cid=15787211603881502159","","2026-05-20T01:15:08.234Z"
"Flawless Nails Spa","Hair Salon / Barbershop","medium","(512) 409-9221","","200 Springtown Way #134, San Marcos, TX 78666, USA","new","","Google Places API","https://maps.google.com/?cid=12259321057945626298","Rating: 3.9 (162 reviews)","2026-05-20T01:15:08.748Z"
"Arte de Vida Salon & Spa","Hair Salon / Barbershop","medium","(512) 787-2003","","1205 North State Texas Highway 123 Suite 101, San Marcos, TX 78666, USA","new","","Google Places API","https://maps.google.com/?cid=5459854873999498782","Rating: 4.8 (23 reviews)","2026-05-20T01:15:10.156Z"
"Avery Ottrix","Hair Salon / Barbershop","medium","(847) 409-3822","","1515 Aquarena Springs Dr, San Marcos, TX 78666, USA","new","","Google Places API","https://maps.google.com/?cid=10563861515339878884","","2026-05-20T01:15:10.414Z"
"Reflexology For the Sole","Nail Salon / Spa","medium","(737) 212-2734","","2626 Hunter Rd #203, San Marcos, TX 78666, USA","new","","Google Places API","https://maps.google.com/?cid=15630553459960323800","","2026-05-20T01:15:32.400Z"
"Regal Nails, Salon & Spa","Hair Salon / Barbershop","medium","(512) 353-4747","","1015 TX-80, San Marcos, TX 78666, USA","new","","Google Places API","https://maps.google.com/?cid=5952419982804074614","Rating: 4.2 (101 reviews)","2026-05-20T01:15:37.348Z"
"Lali Med Spa","Nail Salon / Spa","medium","","","601 Leah Ave, San Marcos, TX 78666, USA","new","","Google Places API","https://maps.google.com/?cid=6927752374074671535","Rating: 5 (3 reviews)","2026-05-20T01:15:37.858Z"
"Happy Feet Massage","Nail Salon / Spa","medium","(210) 367-9719","","1020 Center Point Rd, San Marcos, TX 78666, USA","new","","Google Places API","https://maps.google.com/?cid=539353904251807044","Rating: 4.7 (12 reviews)","2026-05-20T01:15:39.104Z"
"Astra Aesthetics","Hair Salon / Barbershop","medium","(512) 426-1900","","308 Keystone Loop N/A, Kyle, TX 78640, USA","new","","Google Places API","https://maps.google.com/?cid=16257948472078362180","Rating: 5 (7 reviews)","2026-05-20T01:15:41.686Z"
"Jenn’s Beauty Lounge","Hair Salon / Barbershop","medium","(737) 305-7009","","5581 Kyle Centre Dr Suite 206, Kyle, TX 78640, USA","new","","Google Places API","https://maps.google.com/?cid=7650528812404746806","Rating: 5 (10 reviews)","2026-05-20T01:15:41.941Z"
"MCA Petroleum","Auto Repair / Detailing","medium","(512) 396-5326","","1205 TX-123 #200, San Marcos, TX 78666, USA","new","","Google Places API","https://maps.google.com/?cid=16019040136567149844","Rating: 4.5 (2 reviews)","2026-05-20T01:15:49.973Z"
"American Tire Distributors Inc","Auto Repair / Detailing","medium","(512) 805-0586","","San Marcos, TX 78666, USA","new","","Google Places API","https://maps.google.com/?cid=9397098504087513514","Rating: 4.8 (4 reviews)","2026-05-20T01:15:50.227Z"
"Garcia's Tire Shop","Auto Repair / Detailing","medium","(512) 392-2624","","1999 Guadalupe St, San Marcos, TX 78666, USA","new","","Google Places API","https://maps.google.com/?cid=12914885882093084698","Rating: 4.6 (189 reviews)","2026-05-20T01:15:54.987Z"
"Honda Parts","Auto Repair / Detailing","medium","(877) 764-6632","","4300 S I-35 South Frontage Rd, San Marcos, TX 78666, USA","new","","Google Places API","https://maps.google.com/?cid=10708536096474212101","Rating: 4.5 (14 reviews)","2026-05-20T01:15:56.596Z"
"AutoMedic","Auto Repair / Detailing","medium","(512) 738-9064","","2005 Fir St, San Marcos, TX 78666, USA","new","","Google Places API","https://maps.google.com/?cid=15943197567757824691","Rating: 4.8 (33 reviews)","2026-05-20T01:15:57.705Z"
"J & R Tire Shop","Auto Repair / Detailing","medium","(737) 414-3400","","111 Old Hwy 81, Kyle, TX 78640, USA","new","","Google Places API","https://maps.google.com/?cid=13960081454969837403","Rating: 4.3 (152 reviews)","2026-05-20T01:16:03.447Z"
"10 Minute Sticker Station","Auto Repair / Detailing","medium","(512) 620-1354","","1540 S Interstate 35, San Marcos, TX 78666, USA","new","","Google Places API","https://maps.google.com/?cid=2763015849415559647","Rating: 4.6 (392 reviews)","2026-05-20T01:16:04.213Z"
"LaserWash Car wash","Auto Repair / Detailing","medium","","","218-224 Knox St, San Marcos, TX 78666, USA","new","","Google Places API","https://maps.google.com/?cid=2160639010307248893","Rating: 4.2 (237 reviews)","2026-05-20T01:16:08.588Z"
"H-E-B Car Wash","Auto Repair / Detailing","medium","","","641 E Hopkins St, San Marcos, TX 78666, USA","new","","Google Places API","https://maps.google.com/?cid=10178854433127136107","Rating: 3.6 (8 reviews)","2026-05-20T01:16:08.844Z"
"7 dollar Car Wash","Auto Repair / Detailing","medium","","","1433 S I-35 South Frontage Rd, San Marcos, TX 78666, USA","new","","Google Places API","https://maps.google.com/?cid=11979493646121599276","Rating: 4.1 (22 reviews)","2026-05-20T01:16:09.640Z"
"Carwash","Auto Repair / Detailing","medium","","","1711 Old Ranch Rd 12, San Marcos, TX 78666, USA","new","","Google Places API","https://maps.google.com/?cid=949413742761418744","Rating: 4.2 (74 reviews)","2026-05-20T01:16:09.896Z"
"Sonny’s enterprises","Auto Repair / Detailing","medium","","","221 Wonder World Dr, San Marcos, TX 78666, USA","new","","Google Places API","https://maps.google.com/?cid=3435331937362697988","","2026-05-20T01:16:10.448Z"
"Thermal Jet Car Wash","Auto Repair / Detailing","medium","","","2106 Hunter Rd, San Marcos, TX 78666, USA","new","","Google Places API","https://maps.google.com/?cid=11097034500136858362","Rating: 4 (170 reviews)","2026-05-20T01:16:10.727Z"
"Conley car wash","Auto Repair / Detailing","medium","","","6150 FM2770, Kyle, TX 78640, USA","new","","Google Places API","https://maps.google.com/?cid=11167275901876325724","Rating: 1.6 (8 reviews)","2026-05-20T01:16:12.634Z"
"Rapid Express","Auto Repair / Detailing","medium","","","5537 Kyle Centre Dr, Kyle, TX 78640, USA","new","","Google Places API","https://maps.google.com/?cid=14265695062061027404","Rating: 4 (267 reviews)","2026-05-20T01:16:15.616Z"
"C W Electrical Services","Plumbing / HVAC / Electric","medium","(512) 912-6517","","118 Oak Meadows 225 North C, M Allen Pkwy, San Marcos, TX 78666, USA","new","","Google Places API","https://maps.google.com/?cid=9941336307497943408","Rating: 4.4 (29 reviews)","2026-05-20T01:16:17.937Z"
"Corridor Electric","Plumbing / HVAC / Electric","medium","(512) 738-0374","","215 W San Antonio St #2012, San Marcos, TX 78666, USA","new","","Google Places API","https://maps.google.com/?cid=9775263234375151835","Rating: 5 (2 reviews)","2026-05-20T01:16:18.480Z"
"Home Town Electric","Plumbing / HVAC / Electric","medium","(830) 627-8290","","1755 Craddock Ave, San Marcos, TX 78666, USA","new","","Google Places API","https://maps.google.com/?cid=6405678908106831414","Rating: 3.6 (7 reviews)","2026-05-20T01:16:19.709Z"
"G&P Electric","Plumbing / HVAC / Electric","medium","","","2214 Hunter Rd, San Marcos, TX 78666, USA","new","","Google Places API","https://maps.google.com/?cid=8383956755207996056","","2026-05-20T01:16:19.952Z"
"Hill Country Appliance","Plumbing / HVAC / Electric","medium","(512) 200-8584","","395 Co Rd 202 Bldg 3B, Kyle, TX 78640, USA","new","","Google Places API","https://maps.google.com/?cid=6456014644869267361","Rating: 4.5 (19 reviews)","2026-05-20T01:16:22.277Z"
"Mullen Electric","Plumbing / HVAC / Electric","medium","(512) 563-9248","","251 Britni Loop, Kyle, TX 78640, USA","new","","Google Places API","https://maps.google.com/?cid=2178126275068498574","Rating: 4.3 (6 reviews)","2026-05-20T01:16:25.493Z"
"Apache Plumbing","Plumbing / HVAC / Electric","medium","(512) 353-4442","","215 W San Antonio St, San Marcos, TX 78666, USA","new","","Google Places API","https://maps.google.com/?cid=15610922860965058190","Rating: 4.5 (44 reviews)","2026-05-20T01:16:26.255Z"
"San Marcos Plumbing","Plumbing / HVAC / Electric","medium","(512) 618-7821","","324 Riverwalk Dr, San Marcos, TX 78666, USA","new","","Google Places API","https://maps.google.com/?cid=624217979868442211","Rating: 3.2 (44 reviews)","2026-05-20T01:16:26.796Z"
"The Original Home Solution","Plumbing / HVAC / Electric","medium","(512) 618-8166","","1205 TX-123, San Marcos, TX 78666, USA","new","","Google Places API","https://maps.google.com/?cid=13430597481844689543","","2026-05-20T01:16:27.609Z"
"Albert's Backflow Solutions","Plumbing / HVAC / Electric","medium","(706) 830-4561","","107 E Holland St, San Marcos, TX 78666, USA","new","","Google Places API","https://maps.google.com/?cid=11610980286701047258","Rating: 5 (1 reviews)","2026-05-20T01:16:27.941Z"
"Rebellion Plumbing","Plumbing / HVAC / Electric","medium","(512) 878-7005","","167 Northfork Rd, San Marcos, TX 78666, USA","new","","Google Places API","https://maps.google.com/?cid=3094782640794881637","Rating: 5 (1 reviews)","2026-05-20T01:16:29.912Z"
"Rocha Plumbing","Plumbing / HVAC / Electric","medium","(512) 738-2802","","5941 FM 621, Martindale, TX 78655, USA","new","","Google Places API","https://maps.google.com/?cid=13946290630982895985","Rating: 3.2 (9 reviews)","2026-05-20T01:16:31.059Z"
"ED Plumbing Repair Kyle","Plumbing / HVAC / Electric","medium","(512) 675-3582","","101 Dixie Cove, Kyle, TX 78640, USA","new","","Google Places API","https://maps.google.com/?cid=5124098105824395676","","2026-05-20T01:16:34.456Z"
"R & R Painting and Remodeling","Plumbing / HVAC / Electric","medium","(512) 644-3934","","850 Older Bluff, San Marcos, TX 78666, USA","new","","Google Places API","https://maps.google.com/?cid=1098744637416605592","Rating: 2 (3 reviews)","2026-05-20T01:16:40.731Z"
"Holiday Roofing","Plumbing / HVAC / Electric","medium","(512) 361-7170","","4105 Hunter Rd #4, San Marcos, TX 78666, USA","new","","Google Places API","https://maps.google.com/?cid=3438763285693660960","Rating: 5 (4 reviews)","2026-05-20T01:16:40.988Z"
"Advanced Industrial Coatings","Plumbing / HVAC / Electric","medium","(830) 708-5217","","2631 Lions Den, New Braunfels, TX 78132, USA","new","","Google Places API","https://maps.google.com/?cid=13938144613515037773","","2026-05-20T01:16:41.823Z"
"Quality Roofing","Plumbing / HVAC / Electric","medium","(737) 227-6241","","231 N Guadalupe St, San Marcos, TX 78666, USA","new","","Google Places API","https://maps.google.com/?cid=17467864280848579150","Rating: 5 (1 reviews)","2026-05-20T01:16:42.744Z"
"M & M Roofing, Siding & Windows","Plumbing / HVAC / Electric","medium","(512) 392-1708","","Young Building, 323 W Hopkins St, San Marcos, TX 78666, USA","new","","Google Places API","https://maps.google.com/?cid=14690480124589338023","Rating: 5 (4 reviews)","2026-05-20T01:16:44.472Z"
"Hays Roofing And More","Plumbing / HVAC / Electric","medium","(726) 221-7573","","101 Linda Dr, San Marcos, TX 78666, USA","new","","Google Places API","https://maps.google.com/?cid=14694627977144362819","Rating: 5 (1 reviews)","2026-05-20T01:16:45.922Z"
"Falcon Roofing LLC","Plumbing / HVAC / Electric","medium","(512) 529-0560","","4550 S I-35 South Frontage Rd, San Marcos, TX 78666, USA","new","","Google Places API","https://maps.google.com/?cid=8077516836888579826","Rating: 5 (3 reviews)","2026-05-20T01:16:53.021Z"
"Prime Roofing","Plumbing / HVAC / Electric","medium","(737) 227-6238","","100 W Lockhart St, Kyle, TX 78640, USA","new","","Google Places API","https://maps.google.com/?cid=11479461458931314983","","2026-05-20T01:16:58.704Z"
"Burton Roofing","Plumbing / HVAC / Electric","medium","(210) 445-4076","","2575 York Creek Rd, New Braunfels, TX 78130, USA","new","","Google Places API","https://maps.google.com/?cid=16647291081991433682","","2026-05-20T01:16:58.972Z"
"Reliable Local Contractor","Plumbing / HVAC / Electric","medium","(713) 513-0668","","125 Ladybug Ln, Martindale, TX 78655, USA","new","","Google Places API","https://maps.google.com/?cid=6291519201619879070","","2026-05-20T01:17:01.019Z"
"Great Big Signs Inc","Plumbing / HVAC / Electric","medium","(512) 262-2157","","200 Opal Ln, Kyle, TX 78640, USA","new","","Google Places API","https://maps.google.com/?cid=10435626889425413295","Rating: 5 (4 reviews)","2026-05-20T01:17:01.281Z"
"Crew Indigo","Cleaning Service","medium","(512) 465-2978","","400 S. Old Hwy 81, Kyle, TX 78640, USA","new","","Google Places API","https://maps.google.com/?cid=16158619614395438079","","2026-05-20T01:17:01.805Z"
"San Marcos House Painting","Plumbing / HVAC / Electric","medium","(512) 501-2284","","210 E Hopkins St, San Marcos, TX 78666, USA","new","","Google Places API","https://maps.google.com/?cid=10231995200827259974","Rating: 3 (2 reviews)","2026-05-20T01:17:02.064Z"
"Bobcat Mobile Mechanics","Auto Repair / Detailing","medium","","","Rios Tires, 1122 TX-123 #105, San Marcos, TX 78666, USA","new","","Google Places API","https://maps.google.com/?cid=1875888568176590941","Rating: 2.1 (21 reviews)","2026-05-20T01:17:04.442Z"
"Jarmon Mobile Mechanic","Auto Repair / Detailing","medium","(512) 552-4739","","1800 Post Rd, San Marcos, TX 78666, USA","new","","Google Places API","https://maps.google.com/?cid=16665689412146179588","Rating: 4.6 (16 reviews)","2026-05-20T01:17:05.241Z"
"GYM NOW","Fitness / Gym","medium","(512) 855-1604","","2626 Hunter Rd #203, San Marcos, TX 78666, USA","new","","Google Places API","https://maps.google.com/?cid=10453804975980447339","Rating: 4.8 (90 reviews)","2026-05-20T01:17:06.572Z"
"FocusFitSM","Fitness / Gym","medium","(512) 210-3444","","400 S CM Allen Pkwy, San Marcos, TX 78666, USA","new","","Google Places API","https://maps.google.com/?cid=12672885871780903397","Rating: 5 (11 reviews)","2026-05-20T01:17:06.833Z"
"Nutricion & bienestar","Fitness / Gym","medium","(512) 787-9273","","501 Broadway St, San Marcos, TX 78666, USA","new","","Google Places API","https://maps.google.com/?cid=7361469554105207667","","2026-05-20T01:17:07.371Z"
"Parking for gym","Fitness / Gym","medium","","","419 North St, San Marcos, TX 78666, USA","new","","Google Places API","https://maps.google.com/?cid=5001547299764283014","","2026-05-20T01:17:11.166Z"
"Hays County Fit (inside Hays County PT & Wellness)","Fitness / Gym","medium","(512) 268-9130","","324 Riverwalk Dr Suite 311, San Marcos, TX 78666, USA","new","","Google Places API","https://maps.google.com/?cid=4639152752845229082","Rating: 5 (5 reviews)","2026-05-20T01:17:18.017Z"
"JohnHaysShopify","Pet Services","medium","(713) 386-9585","","1510 N LBJ Dr, San Marcos, TX 78666, USA","new","","Google Places API","https://maps.google.com/?cid=6664559642411998393","","2026-05-20T01:17:40.787Z"
"Nowland Dan DVM","Pet Services","medium","(512) 353-2717","","415 Springtown Way, San Marcos, TX 78666, USA","new","","Google Places API","https://maps.google.com/?cid=7544431425100436508","Rating: 5 (3 reviews)","2026-05-20T01:17:42.811Z"
"Jordan Angela DVM","Pet Services","medium","(512) 353-2717","","415 Springtown Way, San Marcos, TX 78666, USA","new","","Google Places API","https://maps.google.com/?cid=17207010228071172002","","2026-05-20T01:17:43.085Z"
"PetWell Animal Medical Center","Pet Services","medium","","","W32W+37, San Marcos, TX 78666, USA","new","","Google Places API","https://maps.google.com/?cid=10134121834163811825","","2026-05-20T01:17:46.393Z"
"PALS","Pet Services","medium","","","8401 Ranch Rd 12, San Marcos, TX 78666, USA","new","","Google Places API","https://maps.google.com/?cid=13949091006165598597","Rating: 4.6 (9 reviews)","2026-05-20T01:17:47.438Z"
"The Moonflower Studio","Boutique / Retail","medium","(512) 214-3763","","403 S Johnson Ave, San Marcos, TX 78666, USA","new","","Google Places API","https://maps.google.com/?cid=3293115339869407331","","2026-05-20T01:17:52.085Z"
"H-E-B Florist","Boutique / Retail","medium","","","641 E Hopkins St, San Marcos, TX 78666, USA","new","","Google Places API","https://maps.google.com/?cid=7547856682491116468","","2026-05-20T01:17:52.346Z"
"Aladdin Cleaning & Restoration","Cleaning Service","medium","(512) 353-7384","","1104 Columbia Ave, San Marcos, TX 78666, USA","new","","Google Places API","https://maps.google.com/?cid=8346942743880580444","","2026-05-20T01:17:54.639Z"
"Certified Carpet Cleaning, Inc.","Cleaning Service","medium","(512) 757-0984","","520 Wonder World Dr, San Marcos, TX 78666, USA","new","","Google Places API","https://maps.google.com/?cid=4306120619373576077","Rating: 4.3 (10 reviews)","2026-05-20T01:17:55.471Z"
"Victory Cleaners","Cleaning Service","medium","(512) 396-4606","","418 S L B J Dr, San Marcos, TX 78666, USA","new","","Google Places API","https://maps.google.com/?cid=14608610235717389376","Rating: 4.3 (161 reviews)","2026-05-20T01:17:56.627Z"
"Laundry Basket","Cleaning Service","medium","(512) 353-1418","","1525 Aquarena Springs Dr Suite 211, San Marcos, TX 78666, USA","new","","Google Places API","https://maps.google.com/?cid=14624690749606153733","Rating: 4.2 (307 reviews)","2026-05-20T01:17:56.890Z"
"Royal Cleaners","Cleaning Service","medium","(512) 392-4613","","308 N LBJ Dr, San Marcos, TX 78666, USA","new","","Google Places API","https://maps.google.com/?cid=13274222318726740712","Rating: 4.7 (62 reviews)","2026-05-20T01:17:57.156Z"
"Laundromat","Cleaning Service","medium","","","924 I 35 N Frontage Rd, San Marcos, TX 78666, USA","new","","Google Places API","https://maps.google.com/?cid=15235819416597741868","Rating: 4 (37 reviews)","2026-05-20T01:17:58.017Z"
"Riverside Washateria San Marcos","Cleaning Service","medium","","","4435 TX-123 #201, San Marcos, TX 78666, USA","new","","Google Places API","https://maps.google.com/?cid=16667162192414002573","Rating: 3.3 (12 reviews)","2026-05-20T01:17:58.632Z"
"Mr. T Washateria No.2","Cleaning Service","medium","","","807 N Old Hwy 81, Kyle, TX 78640, USA","new","","Google Places API","https://maps.google.com/?cid=3396991346010208327","Rating: 3.2 (100 reviews)","2026-05-20T01:18:02.000Z"
"Riverside Washateria","Cleaning Service","medium","(512) 359-4925","","1101 Bunton Creek Rd, Kyle, TX 78640, USA","new","","Google Places API","https://maps.google.com/?cid=8521933780734268435","Rating: 4.2 (276 reviews)","2026-05-20T01:18:02.254Z"
"Coldwell Banker First National, Realtors: Mary Evans","Real Estate","medium","(512) 753-6311","","407 S Stagecoach Trail, San Marcos, TX 78666, USA","new","","Google Places API","https://maps.google.com/?cid=12108768883528662410","","2026-05-20T01:18:06.241Z"
"AustinSA Real Estate Services","Real Estate","medium","(512) 805-8226","","314 E Hutchison St, San Marcos, TX 78666, USA","new","","Google Places API","https://maps.google.com/?cid=16251129803717406288","Rating: 4 (4 reviews)","2026-05-20T01:18:07.045Z"
"Huber & Co. Real Estate","Real Estate","medium","(512) 666-4868","","165 S Guadalupe St #112, San Marcos, TX 78666, USA","new","","Google Places API","https://maps.google.com/?cid=14029734194167775445","Rating: 1 (3 reviews)","2026-05-20T01:18:07.315Z"
"San Marcos Texas Condos","Real Estate","medium","(512) 423-0698","","1504 Aquarena Springs Dr, San Marcos, TX 78666, USA","new","","Google Places API","https://maps.google.com/?cid=15994241873340822901","","2026-05-20T01:18:23.889Z"
"Nationwide Insurance: Mahan Insurance Services Inc.","Other","medium","(512) 392-5585","","900 Bugg Ln Ste 240, San Marcos, TX 78666, USA","new","","Google Places API","https://maps.google.com/?cid=13186313563715321530","Rating: 3.6 (10 reviews)","2026-05-20T01:18:24.566Z"
"Gold Star Life Insurance LLC","Other","medium","(737) 363-2003","","1904 Post Rd, San Marcos, TX 78666, USA","new","","Google Places API","https://maps.google.com/?cid=17589721601481141695","Rating: 5 (8 reviews)","2026-05-20T01:18:30.017Z"
"Albert Marzullo - Aflac Insurance Agent","Other","medium","(512) 749-0646","","161 Pine Cove, Kyle, TX 78640, USA","new","","Google Places API","https://maps.google.com/?cid=11598571339703239487","Rating: 3 (1 reviews)","2026-05-20T01:18:33.632Z"
"Insurance 4 less","Other","medium","(956) 247-4997","","1630 Aquarena Springs Dr B, San Marcos, TX 78666, USA","new","","Google Places API","https://maps.google.com/?cid=503429900003909613","Rating: 4.5 (12 reviews)","2026-05-20T01:18:46.398Z"
"Southside Tax Services","Other","medium","(512) 396-9777","","401 S L B J Dr, San Marcos, TX 78666, USA","new","","Google Places API","https://maps.google.com/?cid=14431447607050596602","Rating: 5 (1 reviews)","2026-05-20T01:18:47.513Z"
"Balance Bookkeeping","Other","medium","(512) 216-4198","","109 Salinas Rd, San Marcos, TX 78666, USA","new","","Google Places API","https://maps.google.com/?cid=9194059883891762751","Rating: 5 (1 reviews)","2026-05-20T01:18:48.603Z"
"Fortin and Associates, LLC","Other","medium","(512) 754-0150","","705 W Hopkins St, San Marcos, TX 78666, USA","new","","Google Places API","https://maps.google.com/?cid=7572148355138251242","","2026-05-20T01:18:49.131Z"
"Mc Creary Veselka Bragg Allen","Other","medium","(512) 353-3757","","712 S Stagecoach Trail, San Marcos, TX 78666, USA","new","","Google Places API","https://maps.google.com/?cid=15749238044332571097","","2026-05-20T01:18:49.930Z"
"Central Texas Bookkeeping, LLC","Other","medium","(512) 938-1100","","1205 TX-123 # 202, San Marcos, TX 78666, USA","new","","Google Places API","https://maps.google.com/?cid=9888745643643496385","","2026-05-20T01:18:52.236Z"
"Ledesma Bookkeeping Service","Other","medium","(512) 396-7260","","311 Cheatham St, San Marcos, TX 78666, USA","new","","Google Places API","https://maps.google.com/?cid=15764201824750836005","Rating: 2.3 (3 reviews)","2026-05-20T01:18:55.767Z"
"Pryven Credit Repair San Marcos","Other","medium","(737) 387-1048","","136 E San Antonio St #130, San Marcos, TX 78666, USA","new","","Google Places API","https://maps.google.com/?cid=15553722913950941083","Rating: 5 (12 reviews)","2026-05-20T01:18:56.581Z"
"Quick Books Online Support","Other","medium","(833) 435-3695","","106 North St, San Marcos, TX 78666, USA","new","","Google Places API","https://maps.google.com/?cid=15850233354698829420","","2026-05-20T01:18:57.249Z"
"Nickole Farrow Professional Services","Other","medium","(512) 943-7491","","205 Cheatham St # 60, San Marcos, TX 78666, USA","new","","Google Places API","https://maps.google.com/?cid=2005470642547794648","","2026-05-20T01:18:57.556Z"
"Sam Cooper PC","Other","medium","(512) 878-1756","","322 Cheatham St, San Marcos, TX 78666, USA","new","","Google Places API","https://maps.google.com/?cid=1727678987088513971","","2026-05-20T01:18:58.477Z"
"Quicken Helpline","Other","medium","(855) 517-0268","","211 W Grove St, San Marcos, TX 78666, USA","new","","Google Places API","https://maps.google.com/?cid=18440364812175802580","","2026-05-20T01:18:58.745Z"
"Accounting Grace","Other","medium","(512) 203-0094","","602 I 35 N Frontage Rd, San Marcos, TX 78666, USA","new","","Google Places API","https://maps.google.com/?cid=6690480454034369490","","2026-05-20T01:18:59.013Z"
"Big Star Bookkeeping Solutions, LLC","Other","medium","(512) 387-3322","","911 Hillyer St, San Marcos, TX 78666, USA","new","","Google Places API","https://maps.google.com/?cid=12873922881822134809","Rating: 5 (1 reviews)","2026-05-20T01:18:59.281Z"
"SB Tax Services","Other","medium","(512) 787-3039","","1010 Marlton St, San Marcos, TX 78666, USA","new","","Google Places API","https://maps.google.com/?cid=5473397343567311442","Rating: 5 (1 reviews)","2026-05-20T01:18:59.875Z"
"SJL Bookkeeping LLC","Other","medium","(512) 667-9298","","705 River Rd Apt 103, San Marcos, TX 78666, USA","new","","Google Places API","https://maps.google.com/?cid=15830189285587310374","Rating: 5 (4 reviews)","2026-05-20T01:19:00.138Z"
"Easy Step Bookkeeping & Tax Service","Other","medium","(512) 216-6472","","1122 TX-123, San Marcos, TX 78666, USA","new","","Google Places API","https://maps.google.com/?cid=14966603705036475829","Rating: 5 (3 reviews)","2026-05-20T01:19:00.382Z"
"RJM Tax Services","Other","medium","(512) 518-0829","","1006 TX-80, San Marcos, TX 78666, USA","new","","Google Places API","https://maps.google.com/?cid=13760778271329787343","Rating: 3.7 (3 reviews)","2026-05-20T01:19:00.625Z"
"Wilson Ronald O CPA","Other","medium","(512) 396-3208","","110 Willow Springs Dr #101, San Marcos, TX 78666, USA","new","","Google Places API","https://maps.google.com/?cid=10684453930896454317","","2026-05-20T01:19:03.119Z"
"Ruthie Hays","Other","medium","(512) 216-7921","","1350 Wonder World Dr, San Marcos, TX 78666, USA","new","","Google Places API","https://maps.google.com/?cid=14162640639521147561","","2026-05-20T01:19:03.655Z"
"Ability Bookkeeping & Business Solutions","Other","medium","(512) 781-2657","","112 Gray Wolf Dr, San Marcos, TX 78666, USA","new","","Google Places API","https://maps.google.com/?cid=10453967708059153493","","2026-05-20T01:19:05.010Z"
"Professional Hispanic Services","Other","medium","(512) 292-9740","","187 Elmhurst Dr Ste F, Kyle, TX 78640, USA","new","","Google Places API","https://maps.google.com/?cid=8968444139926572401","","2026-05-20T01:19:05.586Z"
"Hunter Oak Storage","Other","medium","(512) 754-0320","","2215 Hunter Rd, San Marcos, TX 78666, USA","new","","Google Places API","https://maps.google.com/?cid=10469804533737529866","Rating: 4 (1 reviews)","2026-05-20T01:19:08.980Z"
"Conveyance Moving + Storage","Other","medium","(512) 585-5350","","4730 TX-123 #C, San Marcos, TX 78666, USA","new","","Google Places API","https://maps.google.com/?cid=3074076509980094502","Rating: 3 (2 reviews)","2026-05-20T01:19:10.095Z"
"B & C Storage","Other","medium","(512) 212-0274","","5485 Airport Hwy #21, Maxwell, TX 78656, USA","new","","Google Places API","https://maps.google.com/?cid=5626647293541562846","Rating: 4.8 (13 reviews)","2026-05-20T01:19:10.625Z"
"Transdel Delivery Service","Other","medium","(512) 392-2799","","2019 Clovis Barker Rd Building C, San Marcos, TX 78666, USA","new","","Google Places API","https://maps.google.com/?cid=4925077616564952591","Rating: 4.4 (7 reviews)","2026-05-20T01:19:14.147Z"
"Resty Mini Storage and Boxes","Other","medium","","","301 E Hopkins St, San Marcos, TX 78666, USA","new","","Google Places API","https://maps.google.com/?cid=5824861431061631200","","2026-05-20T01:19:16.358Z"
"Lifestorage","Other","medium","","","1620 S I-35 South Frontage Rd, San Marcos, TX 78666, USA","new","","Google Places API","https://maps.google.com/?cid=9086120191795253951","Rating: 4 (2 reviews)","2026-05-20T01:19:16.866Z"
"HEB Warehouse","Other","medium","","","380 Wonder World Dr, San Marcos, TX 78666, USA","new","","Google Places API","https://maps.google.com/?cid=2704934869184599252","Rating: 3.8 (4 reviews)","2026-05-20T01:19:17.379Z"
"HEB Truck Access","Other","medium","","","380 Wonder World Dr, San Marcos, TX 78666, USA","new","","Google Places API","https://maps.google.com/?cid=1490934838087850650","Rating: 2.4 (153 reviews)","2026-05-20T01:19:17.633Z"
"Life Storage","Other","medium","","","San Marcos, TX 78666, USA","new","","Google Places API","https://maps.google.com/?cid=10550843134717858036","","2026-05-20T01:19:18.711Z"
"LiLife Storage","Other","medium","","","2214 S I-35 South Frontage Rd, San Marcos, TX 78666, USA","new","","Google Places API","https://maps.google.com/?cid=1590043662542838887","","2026-05-20T01:19:21.796Z"
"H-E-B Shipping Gate Only","Other","medium","","","San Marcos, TX 78666, USA","new","","Google Places API","https://maps.google.com/?cid=17605468386705430395","Rating: 4 (21 reviews)","2026-05-20T01:19:22.126Z"
"Lease-N-Lock Storage","Other","medium","(512) 392-6707","","2305 Old Ranch Rd 12, San Marcos, TX 78666, USA","new","","Google Places API","https://maps.google.com/?cid=9199278343073406708","Rating: 4.5 (4 reviews)","2026-05-20T01:19:22.703Z"
"Affordable Rental Corporation","Other","medium","","","1971 S I-35 South Frontage Rd #101, San Marcos, TX 78666, USA","new","","Google Places API","https://maps.google.com/?cid=17721121485743934609","Rating: 3.3 (3 reviews)","2026-05-20T01:19:22.976Z"
"LX Pantos","Other","medium","","","328 Barnes Dr Suite 240, San Marcos, TX 78666, USA","new","","Google Places API","https://maps.google.com/?cid=7262325909808009334","Rating: 2.1 (12 reviews)","2026-05-20T01:19:23.226Z"
"Community Action Warehouse","Other","medium","(512) 396-0177","","1633 TX-80, San Marcos, TX 78666, USA","new","","Google Places API","https://maps.google.com/?cid=5532882613521998965","Rating: 4 (2 reviews)","2026-05-20T01:19:23.469Z"
"Quality Insulation","Other","medium","","","1551 Clovis Barker Rd, San Marcos, TX 78666, USA","new","","Google Places API","https://maps.google.com/?cid=17347874369912986593","Rating: 5 (1 reviews)","2026-05-20T01:19:24.065Z"
"Pepco sales and manufacturing","Other","medium","","","1551 Clovis Barker Rd Ste. 201, San Marcos, TX 78666, USA","new","","Google Places API","https://maps.google.com/?cid=9234749801603890498","","2026-05-20T01:19:24.329Z"
"RH MKT 5 SAN MARCOS","Other","medium","","","1600 Clovis Barker Rd #101, San Marcos, TX 78666, USA","new","","Google Places API","https://maps.google.com/?cid=9554810875988685207","","2026-05-20T01:19:24.863Z"
"SAT2 Guard Shack","Other","medium","","","1401 E McCarty Ln, San Marcos, TX 78666, USA","new","","Google Places API","https://maps.google.com/?cid=16340458084262170095","Rating: 4.1 (7 reviews)","2026-05-20T01:19:25.955Z"
"Propak Logistics","Other","medium","","","2301 Hunter Rd, San Marcos, TX 78666, USA","new","","Google Places API","https://maps.google.com/?cid=2387432510499394181","Rating: 3 (4 reviews)","2026-05-20T01:19:27.338Z"
"Saucedo's Construction","Other","medium","(512) 392-2065","","211 W Grove St Ste. A, San Marcos, TX 78666, USA","new","","Google Places API","https://maps.google.com/?cid=13802594757021773097","Rating: 1.8 (18 reviews)","2026-05-20T01:19:27.657Z"
"Delgado Trucking","Other","medium","(512) 353-0826","","1000 River Rd Suite C, San Marcos, TX 78666, USA","new","","Google Places API","https://maps.google.com/?cid=15691906187346646406","Rating: 5 (1 reviews)","2026-05-20T01:19:27.972Z"
"Doherty's Trucking","Other","medium","(512) 757-1772","","San Marcos, TX 78666, USA","new","","Google Places API","https://maps.google.com/?cid=313810626715500757","","2026-05-20T01:19:28.221Z"
"Sierra's Hauling","Other","medium","(512) 396-4285","","602 Blanco St, San Marcos, TX 78666, USA","new","","Google Places API","https://maps.google.com/?cid=2764716435404799948","","2026-05-20T01:19:29.046Z"
"Delgado Trucking","Other","medium","(512) 353-0826","","506 Lockwood St, San Marcos, TX 78666, USA","new","","Google Places API","https://maps.google.com/?cid=13692492778629502066","Rating: 4.3 (4 reviews)","2026-05-20T01:19:29.299Z"
"3PC Inc","Other","medium","(512) 353-1250","","1600 Clovis Barker Rd, San Marcos, TX 78666, USA","new","","Google Places API","https://maps.google.com/?cid=10981013143660492550","","2026-05-20T01:19:31.754Z"
"Kyle Auto Trasnport Inc.","Other","medium","(512) 846-8404","","103 E Center St, Kyle, TX 78640, USA","new","","Google Places API","https://maps.google.com/?cid=1468847805026786582","","2026-05-20T01:19:33.115Z"
"A Garcia Trucking","Other","medium","(512) 268-4312","","1000 Dacy Ln, Kyle, TX 78640, USA","new","","Google Places API","https://maps.google.com/?cid=900131303547436964","Rating: 4 (2 reviews)","2026-05-20T01:19:34.479Z"
"AE Relocation Solutions","Other","medium","","","1300 Philomena Dr., Kyle, TX 78640, USA","new","","Google Places API","https://maps.google.com/?cid=2374259429276695821","","2026-05-20T01:19:34.728Z"
"Five Star Materials LLC","Other","medium","(830) 708-1443","","320 Soechting Ln, New Braunfels, TX 78130, USA","new","","Google Places API","https://maps.google.com/?cid=1004408637199954548","","2026-05-20T01:19:35.266Z"